{
  "LSTM": {
    "MSE": 1723853.795432962,
    "MAE": 924.5358565064795,
    "RMSE": 1312.9561285256116,
    "R2": 0.9905621731518638
  },
  "GRU": {
    "MSE": 936121.391725742,
    "MAE": 697.5331735961123,
    "RMSE": 967.5336643888635,
    "R2": 0.994874883457431
  },
  "DeepAR": {
    "MSE": 11683142.971504854,
    "MAE": 3031.355958085853,
    "RMSE": 3418.0612884360125,
    "R2": 0.9360411672111654
  }
}